<?xml version="1.0" encoding="utf-8"?>
<resources>
    <!-- inherit from the material theme -->
    <style name="AppTheme" parent="android:Theme.Material.Light">
        <!-- Main theme colors -->
        <!--   your app's branding color (for the app bar) -->
        <item name="android:colorPrimary">@color/primary</item>
        <!--   darker variant of colorPrimary (for status bar, contextual app bars) -->
        <item name="android:colorPrimaryDark">@color/primary_dark</item>
        <!--   theme UI controls like checkboxes and text fields -->
        <item name="android:colorAccent">@color/accent</item>
        <!--   change navbar color  -->
        <item name="android:navigationBarColor">@color/navbar</item>
    </style>
</resources>
