<resources>
    <!-- inherit from the material theme -->
    <style name="AppTheme" parent="android:Theme.Material">
        <!-- Main theme colors -->
        <!--   your app's branding color (for the app bar) -->
        <item name="android:colorPrimary">@color/primary</item>
        <!--   darker variant of colorPrimary (for status bar, contextual app bars) -->
        <item name="android:colorPrimaryDark">@android:color/transparent</item>
        <!--   theme UI controls like checkboxes and text fields -->
        <item name="android:colorAccent">@color/accent</item>
    </style>
</resources>